1,112468,4,3,3,1
1,193192,10,2,2,1
1,218839,8,2,2,2
1,172493,12,2,2,1
1,145653,13,2,2,1
1,195714,2,2,2,1
1,172495,13,4,2,2
1,216502,6,2,2,2
1,168629,13,2,2,1
1,183505,9,4,2,1
1,212985,12,2,2,1
1,156841,9,4,2,2
1,104844,13,4,2,1
1,120755,9,4,2,2
1,142688,8,4,2,2
1,195685,12,2,1,1
1,144528,8,4,1,2
1,160127,12,1,2,3
1,162222,10,4,2,3
1,177971,9,2,1,2
1,120786,5,4,2,2
1,241303,11,2,1,1
1,180073,13,2,1,3
2,217630,6,2,2,2
2,149624,11,3,2,1
2,146882,9,3,2,1
2,146882,9,3,2,1
2,203019,8,2,2,2
2,221027,12,3,1,1
2,170016,8,3,1,1
2,208003,3,1,1,2
2,256380,7,2,1,1
2,183505,7,3,2,2
2,186975,6,1,1,2
2,171433,10,4,1,2
2,228750,11,3,1,1
2,146882,9,3,2,1
2,181875,12,2,1,2
2,183790,9,3,2,1
2,181984,12,3,2,2
2,204175,9,2,3,1
2,157503,6,2,2,2
2,219653,6,2,2,1
2,236493,11,3,2,1
2,200550,5,1,1,2
2,146882,9,3,2,1
2,212346,10,2,1,2
2,181875,11,2,1,2
2,117913,12,2,3,2
2,172495,10,3,2,2
2,104844,12,4,1,2
2,195685,11,2,1,2
3,215129,5,2,2,1
3,230030,2,2,2,1
3,187078,12,3,2,2
3,200550,6,3,2,1
3,221027,11,2,2,1
4,120755,10,4,2,2
4,120786,10,4,2,2
4,193192,0,1,0,0
5,177971,9,2,1,2
5,181984,8,2,1,2
5,104844,12,1,1,2
5,218839,8,4,1,2
5,221027,12,2,1,2
5,171433,11,2,1,2
6,146882,8,2,3,1
6,200550,8,2,3,1
6,104844,12,3,3,1
6,186151,7,2,3,2
6,209958,8,3,1,1
6,120630,9,3,1,1
6,174856,10,2,1,1
6,133152,4,4,1,1
6,171580,5,1,1,2
6,181875,10,3,1,1
6,172493,10,2,1,1
6,162222,11,3,3,1
6,208003,5,4,1,2
6,177971,9,1,3,2
6,145653,10,3,3,1
6,204946,10,2,3,2
6,195685,12,2,1,1
6,236493,10,3,1,1
6,241303,12,3,1,1
6,212985,9,2,3,2
6,166175,12,3,0,2
6,160127,10,3,3,1
6,172495,13,3,3,1
6,185431,5,3,1,2
6,144084,12,3,1,1
6,223897,9,3,1,1
6,170016,11,3,1,1
6,208874,10,1,1,2
6,212346,8,4,1,2
6,205271,7,1,3,2
6,209144,13,2,2,1
7,212346,8,1,3,2
7,177971,5,4,3,2
7,107688,11,4,3,2
7,101414,9,2,3,2
7,162222,12,3,3,1
7,104844,2,3,3,2
7,241303,12,4,3,2
7,181875,10,3,3,1
8,104844,13,2,1,1
8,236493,8,4,1,1
8,172495,13,2,1,1
8,174856,11,1,1,2
8,146984,7,1,3,2
9,192731,11,2,1,1
9,116875,12,1,2,1
9,187393,13,1,2,2
9,181875,13,2,1,2
9,74301,7,3,1,2
10,174480,1,3,1,1
10,156841,8,3,1,1
11,204946,10,4,3,2
11,195778,2,4,3,2
11,181875,11,4,2,2
11,221027,13,2,2,2
11,160127,7,2,2,2
11,183523,1,2,1,1
11,195685,9,2,1,1
11,183505,9,4,3,2
12,162222,11,1,1,1
12,239195,13,5,2,2
12,239195,13,1,0,0
12,187078,13,3,1,1
12,65387,13,3,1,1
12,74301,10,1,1,1
12,120630,10,2,3,2
12,216772,7,2,3,1
12,190865,10,3,1,1
12,200550,10,3,1,1
12,212338,13,3,1,1
12,239195,13,5,2,2
12,183505,10,2,1,1
12,210945,13,3,1,1
12,164334,13,1,1,1
12,104844,13,3,1,1
12,98791,7,3,3,1
12,170016,7,3,1,1
12,208092,10,3,1,1
12,276463,7,3,3,1
12,209958,8,1,3,1
12,181865,10,2,1,1
12,144528,7,1,3,1
12,239195,13,5,2,2
12,135526,7,1,1,2
12,212985,13,3,1,1
12,120910,4,3,3,1
12,230030,7,2,1,2
12,208003,4,1,3,2
12,116875,7,3,1,1
12,215750,10,3,1,1
12,215129,13,2,1,1
13,242423,5,3,1,1
13,221027,13,3,1,1
14,120910,13,3,1,1
14,210945,13,4,3,3
14,210945,13,4,3,2
14,164334,13,4,1,1
14,203019,13,8,1,1
15,125022,6,2,2,2
15,160127,6,4,2,2
15,101414,9,2,3,2
15,112468,7,1,3,2
15,199725,13,2,1,1
15,204946,10,2,1,2
15,162222,11,1,2,2
15,126029,11,2,1,1
15,206275,12,2,1,1
15,236493,9,1,2,2
15,195685,11,2,3,2
15,162983,9,1,3,2
15,119738,11,2,3,2
15,183505,8,4,3,1
15,212346,10,1,3,2
15,171433,9,2,3,1
15,277027,12,1,1,1
15,202470,10,2,1,1
15,138097,9,2,2,2
15,181536,9,1,3,2
15,195778,10,2,1,1
15,104844,7,4,3,2
15,172493,11,4,3,2
15,120591,12,2,2,2
15,174480,10,1,2,2
15,177971,9,1,3,2
15,200550,11,2,3,2
15,232500,12,3,1,1
15,200027,10,2,1,1
15,119217,11,2,2,2
16,144084,1,3,3,2
16,146984,8,1,3,2
16,133152,9,1,2,0
16,160127,6,3,3,2
16,159507,3,2,3,2
16,190374,4,2,3,2
16,203019,11,2,3,2
16,217630,2,1,3,2
16,208988,10,1,3,2
17,120910,4,3,1,2
17,241303,13,2,2,2
17,208003,11,2,2,1
17,112468,9,2,3,1
18,223897,8,2,3,1
18,204946,10,2,2,1
18,209958,1,2,3,1
18,174480,10,3,1,1
18,186894,11,2,2,1
19,181984,1,3,3,2
19,185183,1,1,3,2
19,219653,10,3,3,2
19,223897,11,4,3,2
19,133152,7,2,2,3
19,212985,1,4,3,1
19,164052,2,4,3,2
20,177971,12,3,1,1
20,104844,13,4,2,1
20,212985,11,2,2,1
20,221027,8,2,2,2
20,195685,11,1,2,2
20,241303,5,1,2,2
20,204946,11,2,2,2
21,195685,7,5,1,2
21,104844,7,5,1,2
21,180499,10,2,1,2
22,120755,5,2,1,1
22,181536,9,3,3,2
22,265029,5,2,2,1
22,186151,13,3,3,1
22,208003,7,3,3,3
22,174856,8,3,3,2
22,104844,11,3,3,1
22,120910,10,2,3,1
22,175880,1,2,1,1
22,266987,9,2,1,1
22,223897,13,2,3,1
22,172495,11,2,3,1
22,186045,7,3,3,2
22,170016,11,3,2,1
22,195685,6,3,3,2
22,218839,3,2,1,2
22,218967,9,3,3,2
22,120917,10,2,1,2
22,241303,4,2,3,0
22,212346,12,3,3,1
22,120630,9,4,3,2
22,203019,9,3,3,2
22,162222,10,4,2,1
22,162983,9,3,3,1
22,209144,8,3,1,2
23,186894,7,3,1,2
23,112468,5,2,2,2
23,104844,6,4,2,2
23,190590,10,3,1,2
23,172495,13,3,1,1
23,146984,12,2,1,2
23,236493,5,2,2,2
23,199725,7,3,2,2
23,200550,2,2,2,2
23,142688,6,2,1,2
23,196857,9,1,1,2
23,120915,10,2,1,1
23,203019,11,2,1,2
23,120591,9,3,3,1
23,242423,6,2,1,2
23,230030,8,2,2,2
23,187078,9,2,1,2
23,181984,11,3,1,2
23,209144,10,2,3,2
23,247212,11,3,1,2
23,181875,11,3,1,2
23,208003,3,2,2,2
23,209958,6,2,1,1
23,133152,9,3,1,1
23,101414,8,4,3,2
23,120784,11,2,3,2
23,179626,9,2,3,2
23,221027,11,2,1,2
23,172493,9,3,1,1
23,195714,8,3,3,1
23,215750,10,2,1,2
23,174856,8,2,3,2
23,208988,10,2,3,2
23,212985,9,2,1,2
23,120786,4,3,1,1
23,171433,9,2,2,2
23,219653,4,2,3,2
23,164052,5,2,1,1
23,212346,1,1,2,2
23,110687,4,1,3,2
23,195685,9,3,3,2
23,218967,7,2,1,2
23,210945,12,2,2,2
23,112641,13,3,1,2
23,183505,9,3,1,1
24,186894,11,2,3,1
24,195685,12,2,1,1
24,258000,6,2,1,1
24,120686,13,2,1,1
24,200550,13,2,3,1
24,92099,13,3,1,2
24,199725,11,2,1,1
24,177971,10,3,3,2
24,183505,10,2,2,2
24,228750,12,2,1,1
24,172493,9,2,2,2
24,218967,10,2,2,1
24,86262,11,2,3,1
24,242423,4,2,2,2
24,181875,10,2,2,2
24,120662,10,4,1,2
24,204946,10,2,3,2
24,212346,9,2,2,2
24,170016,9,2,1,2
25,120786,4,2,0,2
25,104844,6,1,2,2
25,146984,7,2,1,1
25,217869,7,1,2,2
25,120910,4,2,1,2
25,95250,13,2,1,2
25,215129,7,2,1,2
25,104346,13,2,1,1
25,249462,7,2,2,1
25,181865,13,2,1,1
25,195685,13,1,2,2
25,183505,9,1,2,2
25,215750,13,3,1,1
25,203019,8,1,1,2
25,241303,10,2,2,1
25,181875,11,2,2,2
25,130623,13,2,0,2
25,188674,6,1,2,2
25,162650,6,2,2,2
25,120755,7,2,1,1
25,212985,12,3,1,1
25,174480,9,2,2,1
25,144528,3,3,2,2
25,208092,13,2,1,1
26,172495,13,4,3,2
26,229260,7,1,3,2
26,242423,8,2,1,1
26,174856,12,2,1,1
26,101414,9,4,1,2
26,163983,12,1,2,2
26,183505,8,1,2,2
26,174856,12,2,1,1
26,212985,11,2,1,1
26,164052,12,4,1,1
26,133152,10,2,1,1
26,144528,4,2,1,1
26,174856,12,2,1,1
27,221027,11,2,1,1
28,112468,3,2,2,1
28,212985,10,2,3,1
28,146984,4,2,2,2
28,144084,6,2,1,1
28,187078,8,2,3,3
28,120786,3,2,3,3
28,149624,5,1,3,3
28,195685,11,1,3,1
28,174856,8,1,3,3
28,218839,4,2,2,2
28,172495,5,1,3,2
28,209958,8,2,3,2
28,104844,7,4,3,2
28,170016,7,4,2,2
28,218967,8,2,3,2
28,162222,9,2,3,2
28,186151,8,2,3,2
28,208003,2,1,3,3
28,156841,4,1,3,3
28,212346,7,2,1,1
28,217630,8,2,2,2
28,177971,9,2,3,1
28,174480,4,4,3,2
28,164052,7,2,2,1
28,223897,8,2,2,2
28,200550,8,2,3,1
28,160127,8,1,3,3
28,204946,5,4,3,2
28,186975,6,1,3,3
28,230030,2,1,3,3
28,107688,7,2,3,2
28,181536,8,2,3,2
28,125022,10,2,1,1
29,200550,11,3,3,2
29,195685,5,2,3,2
29,195714,9,2,3,2
29,120812,12,3,3,1
29,186894,10,2,3,2
29,112468,10,3,3,1
29,120755,9,3,3,1
29,204946,8,2,3,1
29,218967,12,3,3,1
29,160127,11,2,3,2
29,266987,12,2,2,1
29,104844,9,3,1,2
29,101414,10,2,3,2
29,120786,12,3,3,1
29,122904,12,2,3,1
29,177971,8,3,3,2
29,187078,13,2,0,1
29,183505,4,2,3,2
29,212346,12,2,3,1
29,163983,6,2,3,1
29,185431,3,2,3,1
29,181984,8,3,3,2
29,208003,10,4,3,2
29,252866,12,2,3,1
29,174480,7,4,3,2
29,162983,6,1,3,2
29,186975,9,2,3,1
30,212985,7,2,1,1
30,187393,13,5,2,2
30,192731,7,4,1,2
30,171580,4,1,3,2
30,212346,13,2,1,1
30,200550,7,1,3,2
31,120755,10,2,1,1
31,172495,13,2,1,1
31,187078,8,3,2,1
31,160127,7,4,2,2
31,230030,8,4,1,2
31,212346,8,4,1,2
32,223897,10,4,1,1
32,177971,10,4,1,2
32,112468,1,1,1,2
32,242423,8,2,1,2
32,181875,10,1,1,2
32,172493,9,0,1,2
32,160127,7,3,1,2
32,217756,6,1,2,2
32,160009,6,4,1,2
32,230030,8,3,1,2
32,217630,7,1,2,2
32,183505,11,1,1,2
32,174856,11,3,1,2
32,172495,12,2,1,1
32,218967,9,0,1,1
32,208003,9,2,1,2
32,171433,10,3,1,1
32,120786,10,4,1,2
32,120755,10,2,1,1
32,186045,8,2,1,1
32,144528,7,2,2,2
32,104844,11,2,1,1
32,203019,10,2,1,1
32,187078,9,0,2,1
32,212985,9,0,1,1
32,265283,7,1,1,1
32,164052,10,2,1,1
32,146984,8,4,1,2
32,212346,9,4,1,2
33,164052,4,3,1,1
33,160484,8,1,3,2
33,208874,10,1,3,2
33,94625,7,1,1,2
33,177971,7,3,3,1
33,181984,10,1,3,2
33,195945,9,1,3,2
33,146984,7,4,1,1
33,219653,7,2,3,1
33,183505,10,3,3,1
33,190590,11,3,3,1
34,104844,13,2,1,1
34,174480,3,2,0,1
34,135526,12,2,1,1
34,186894,7,2,1,1
35,215129,8,3,1,1
36,186151,8,3,3,2
36,181875,8,2,3,2
36,218967,13,3,1,1
36,166175,11,1,2,2
36,181984,8,3,3,2
36,195945,4,1,3,2
36,160127,7,1,3,2
36,195685,8,1,3,2
36,204946,2,2,2,2
36,101414,11,4,3,2
36,177971,7,3,3,2
36,218839,10,3,3,2
36,218043,7,1,2,2
36,104844,11,4,1,2
36,195714,10,3,1,1
36,112468,9,1,3,2
36,159507,9,1,3,2
36,236493,7,2,2,1
36,110687,8,4,3,2
36,162222,5,3,2,2
36,144528,7,1,3,2
36,242423,9,2,3,1
36,164052,8,3,3,2
36,186975,9,1,3,2
36,265283,8,1,3,2
36,172495,10,4,0,2
36,200550,9,4,3,2
36,172493,11,2,3,1
36,186045,10,4,3,2
37,215750,13,2,1,1
37,219854,7,2,3,2
37,181865,13,2,1,1
37,210945,13,3,1,2
37,191397,4,2,2,1
37,208092,6,2,1,1
37,229260,1,3,2,1
37,242423,7,2,1,1
37,174480,10,3,1,2
37,203019,9,5,3,2
37,172495,9,2,2,2
38,181536,9,2,3,1
38,134847,10,2,3,1
38,208988,9,2,3,2
38,200550,7,4,3,3
38,120755,11,4,3,2
38,221027,11,2,3,2
39,160127,4,2,2,2
39,250494,11,4,3,1
39,175880,11,1,3,2
39,169547,13,2,1,1
39,185014,8,4,3,2
39,195685,8,1,3,2
39,120812,10,3,3,2
39,212985,9,4,3,1
39,236493,6,3,3,2
39,218967,12,3,3,1
39,170016,8,3,1,1
39,104844,11,2,2,2
39,241303,13,2,1,2
39,172493,10,2,3,2
39,195714,8,3,3,1
39,208092,8,3,3,2
39,199725,10,3,1,1
39,112468,9,3,3,2
39,195778,7,2,2,0
39,159507,8,4,2,2
39,181536,10,1,3,3
39,101414,12,2,3,3
39,172495,12,1,3,2
39,146882,10,2,3,1
39,181875,10,2,3,2
39,221027,11,2,2,2
39,204946,3,1,3,2
39,181865,11,3,3,1
39,212346,5,2,3,2
39,111946,8,2,3,2
39,174480,4,4,3,2
39,228750,11,3,1,1
39,133152,10,4,3,2
39,171580,7,4,0,2
39,187078,5,2,3,2
40,181875,10,3,3,1
40,181875,10,3,3,1
40,216502,12,1,1,1
40,177971,9,3,3,1
40,120755,7,1,1,1
40,160127,7,3,2,2
40,181865,13,1,1,1
40,212338,13,3,1,1
40,174480,8,3,1,1
40,183505,7,3,3,1
40,187078,9,3,1,1
40,215129,12,1,2,1
40,215750,13,3,1,1
40,185183,1,1,2,1
40,181875,10,3,3,1
40,120910,13,3,1,1
40,91734,11,3,1,1
40,162222,12,3,1,1
41,195714,8,1,3,2
41,171433,10,2,3,2
41,230030,13,2,2,1
41,180073,7,2,3,1
41,104844,13,2,3,1
41,242423,8,2,2,1
41,164052,9,1,2,2
41,173716,5,1,2,2
41,120755,11,2,3,1
41,181984,12,2,2,2
41,177971,7,1,3,2
41,142688,13,1,1,2
41,183505,12,1,3,2
41,160127,6,2,1,2
41,195685,12,2,1,1
41,159507,11,4,3,1
41,218967,11,2,2,1
41,112468,12,2,3,2
41,133152,7,2,1,1
41,120630,6,1,1,2
41,209958,12,2,3,1
41,172493,8,2,3,2
41,221027,12,2,3,1
41,228750,7,2,1,2
41,204946,6,1,2,2
41,186151,7,1,3,2
41,212985,12,2,3,1
41,172495,13,4,3,1
42,160127,10,3,2,2
42,249462,13,3,1,1
42,171580,7,2,2,2
42,236493,4,3,2,2
42,195685,9,3,1,2
42,181536,10,3,1,2
42,221027,4,3,1,1
42,212985,10,3,2,1
42,187078,7,1,2,2
42,149624,1,2,1,2
42,171433,12,2,1,2
42,218839,7,3,2,1
42,181875,10,1,2,2
42,183505,1,2,2,1
42,218967,13,3,1,1
42,120786,10,3,1,2
42,145653,10,3,1,2
42,177971,9,3,1,2
42,112468,7,3,1,2
42,101414,10,2,1,2
42,130623,4,2,1,1
42,144084,6,3,2,2
42,165643,10,2,2,2
42,175880,9,3,1,2
42,217630,8,1,1,2
42,166175,13,3,1,1
42,212346,7,1,1,2
42,200550,10,2,2,2
43,172495,11,2,2,2
43,181875,13,1,3,2
43,171433,9,2,2,2
43,181536,9,2,2,2
43,164052,9,2,2,2
43,173716,8,2,2,2
43,221027,9,2,2,2
43,183505,9,4,2,2
43,160127,8,2,2,2
43,249462,8,2,2,2
43,112468,2,4,3,1
43,101414,10,4,3,1
43,186894,9,4,1,0
43,120786,7,1,2,2
43,200550,8,4,3,1
43,104844,12,4,2,2
43,181984,11,2,2,1
43,65387,9,2,2,2
43,162983,8,4,2,2
43,212346,6,4,1,2
43,205271,9,2,3,1
43,241303,11,2,2,2
43,218967,11,4,3,1
43,195685,12,4,3,2
43,172493,10,4,3,1
43,177971,10,4,3,1
43,146984,5,1,2,2
43,195714,9,2,1,1
43,174480,8,4,1,1
43,156812,5,4,2,2
43,145653,10,4,2,2
43,183523,5,2,3,3
43,204175,1,2,2,2
43,156841,10,4,1,1
43,242423,4,2,2,1
43,187078,9,2,1,2
43,212985,12,4,3,1
43,174856,6,2,1,1
44,172495,13,2,2,1
44,191397,4,2,2,1
44,215129,6,2,1,1
44,177971,8,5,2,2
44,200550,6,3,1,1
44,209958,6,2,2,1
44,160127,4,2,2,3
44,217869,8,2,1,1
44,170016,6,2,2,1
44,187393,10,2,2,1
44,242423,7,2,2,1
44,164052,8,2,2,1
44,104844,10,2,1,1
45,185183,1,2,2,2
45,104844,8,2,2,2
45,120630,10,3,1,1
45,200550,10,3,2,2
45,177971,9,2,1,1
45,195685,11,3,1,1
45,195714,11,2,1,1
45,107688,12,3,1,2
45,65387,8,1,1,2
45,120786,5,1,1,2
45,236493,8,3,1,1
45,94625,12,2,1,1
45,170016,9,2,1,1
45,144084,11,2,1,1
45,120917,12,2,1,1
45,162222,9,3,1,1
45,164052,7,2,1,1
45,195945,8,3,1,1
45,187078,9,2,1,1
45,223897,10,3,2,2
45,133152,9,2,1,1
45,159507,10,3,2,2
45,228750,8,2,2,2
45,144528,8,2,1,1
45,237572,1,2,1,1
45,212985,11,2,1,1
45,181984,10,4,1,2
46,187393,13,2,3,1
46,265283,7,2,3,2
47,125022,13,3,1,1
47,208003,3,3,1,2
47,244303,13,3,1,1
47,171580,6,3,1,2
47,230030,12,3,1,1
47,215129,7,1,1,2
47,212338,13,3,1,1
47,212985,13,3,1,1
47,181865,13,2,1,1
47,239949,3,3,1,1
47,183505,11,3,1,2
48,204946,11,4,2,2
48,175880,4,3,2,2
48,112468,8,3,2,2
48,208874,13,2,1,2
48,181536,10,3,1,1
48,236493,9,2,2,1
48,171433,13,2,1,2
48,249462,11,1,1,2
48,145653,11,3,1,1
48,203019,9,1,2,1
48,195685,11,1,1,2
48,174480,10,4,2,2
48,168629,10,3,1,2
48,162222,9,3,2,1
48,181875,12,2,1,1
48,170016,10,4,2,1
48,180073,9,3,2,1
48,223897,11,2,1,1
49,174856,13,4,3,2
49,208003,13,2,3,2
49,133152,0,2,2,1
49,187078,13,4,3,2
50,181865,13,2,1,1
50,195685,4,3,1,1
51,236493,6,3,2,1
51,156812,12,3,2,2
51,212346,10,3,2,2
51,203019,13,2,1,1
51,144117,8,3,2,2
51,172495,12,3,3,2
51,144528,4,1,1,2
51,187078,9,2,2,2
51,218839,13,1,2,2
51,185431,6,3,1,2
51,230030,10,4,3,2
51,218967,7,3,1,2
51,120755,11,3,2,2
51,212985,10,1,2,2
51,104844,13,3,2,2
51,181536,11,1,1,2
51,215750,11,2,2,2
51,195685,12,1,2,2
51,183505,4,4,1,1
51,112468,2,3,2,2
51,162222,10,3,2,1
51,160009,11,3,2,2
51,133152,9,2,2,1
51,120917,9,3,2,1
52,170016,7,2,1,1
52,112468,8,2,2,2
52,181536,5,2,2,3
52,120755,6,2,2,2
52,171433,3,2,2,2
52,187078,13,2,0,1
52,156841,2,2,2,1
52,199725,12,2,2,2
52,146984,4,2,0,3
52,130623,4,4,2,2
52,162983,11,1,1,1
52,185183,10,4,2,2
52,249462,3,2,1,2
52,120917,6,4,2,2
52,195945,12,2,2,2
52,217630,5,2,2,2
52,200550,8,2,1,1
52,162222,12,1,2,2
52,120786,6,2,2,1
52,186975,13,3,1,2
52,164052,11,3,1,2
52,195714,12,2,1,1
52,185431,1,2,1,1
52,195685,10,1,2,2
52,156812,1,1,2,2
52,65387,9,2,2,2
52,149624,5,3,2,2
52,186894,10,3,2,2
52,175880,8,2,2,2
52,229260,9,1,1,2
52,204946,8,2,2,2
52,118826,7,2,1,2
52,183505,8,3,2,2
52,107688,9,2,3,1
52,208003,11,2,2,2
52,120630,12,4,2,2
52,163983,9,2,1,1
52,204175,10,4,1,2
52,236493,7,1,2,2
52,188674,9,2,1,2
52,228750,11,3,1,1
52,209144,12,2,2,2
52,172493,3,3,2,2
52,144715,8,2,2,2
52,200530,3,2,2,2
53,180073,10,2,3,1
53,212338,8,4,1,2
54,196216,9,2,2,2
54,174480,4,2,2,2
54,181536,9,2,2,1
54,204175,3,2,3,3
54,190590,10,2,2,1
54,107688,7,3,3,2
54,215129,4,4,2,1
54,175142,4,2,2,1
54,120630,9,2,2,2
54,212338,5,1,2,1
54,120910,11,4,2,2
54,168629,11,2,1,1
54,174480,5,2,2,2
55,120755,10,2,2,2
55,175142,13,2,1,2
55,195685,5,3,1,1
55,209958,7,1,2,2
55,195234,7,1,2,2
55,183505,10,2,1,2
56,236493,11,1,2,2
56,104844,10,4,1,2
57,181875,12,1,2,2
57,172495,9,2,2,2
57,218967,10,4,3,1
57,177971,8,4,2,1
57,172493,11,4,3,1
58,101414,13,4,0,1
58,65387,12,4,2,2
58,112468,7,2,1,2
58,212985,8,3,1,2
58,156841,6,4,1,1
58,204946,10,2,1,2
59,193192,12,4,1,2
59,181875,12,1,2,2
59,174856,12,3,2,2
59,221027,12,4,1,2
59,172493,10,4,1,2
59,212985,11,4,1,2
59,156841,5,4,1,2
59,195685,12,2,2,2
59,254099,12,1,1,0
59,204175,7,1,1,2
59,146882,9,1,1,2
59,174480,8,3,1,1
59,146984,6,4,2,2
59,199725,13,3,2,1
59,186151,13,4,1,2
59,144528,7,2,1,1
59,65387,12,4,1,2
59,209958,11,4,1,2
59,165643,3,3,2,2
59,242423,6,4,2,2
59,205271,11,4,1,2
59,200550,2,2,2,1
59,125022,10,4,2,2
59,195714,10,4,1,2
59,145653,10,1,1,2
59,160127,11,4,1,2
59,162222,13,4,1,2
59,131704,1,4,2,1
59,265283,11,2,1,1
59,163983,11,4,1,2
59,120755,13,4,1,1
59,204946,7,4,2,2
59,177971,13,2,1,2
60,163983,4,2,3,2
60,212985,8,3,1,1
60,181536,11,2,3,2
60,162222,10,2,3,1
60,200550,9,2,3,2
60,195778,7,4,3,2
60,160127,9,2,2,2
60,177971,10,3,3,2
60,221027,12,3,2,1
60,170016,10,2,3,2
60,112468,6,2,2,1
60,229260,8,3,1,2
61,172495,9,2,2,2
61,94625,10,2,3,2
61,104844,8,3,2,2
61,120755,7,2,3,2
61,165798,10,2,3,1
61,166175,10,3,3,2
62,120786,12,2,1,1
62,175142,11,2,3,1
62,191397,1,1,3,2
62,200550,4,2,3,1
62,172495,9,3,3,1
62,215129,8,3,2,1
63,171433,8,3,1,2
63,172495,8,2,1,1
63,183505,8,2,2,1
63,209144,12,4,1,2
63,159382,11,1,1,1
63,146882,6,3,2,2
63,181875,13,3,1,1
63,104844,10,2,1,2
63,175880,8,3,1,2
63,144084,7,2,2,2
64,208003,9,4,3,2
64,181865,11,3,1,1
64,187078,11,4,1,2
64,209958,10,2,1,2
64,186045,11,4,1,2
64,149624,8,2,1,2
64,186975,9,1,1,2
64,212985,10,4,1,1
64,107688,12,4,3,2
64,120655,11,2,1,0
64,188674,9,2,3,3
64,185431,10,2,1,2
64,104844,11,2,1,1
64,195945,9,2,1,2
64,160009,10,4,1,2
64,181875,12,2,1,1
64,164052,7,2,1,1
64,186151,11,2,1,2
64,146882,11,2,3,1
64,192614,10,1,1,2
64,195685,10,2,1,1
64,204946,8,4,2,2
64,208874,10,4,1,2
64,183505,10,4,1,1
64,200550,7,2,1,2
64,242423,10,2,1,1
64,160127,10,4,1,2
64,181984,10,2,1,2
64,171433,11,4,1,2
64,195714,10,1,3,2
65,200550,9,3,3,1
65,164052,8,2,3,2
65,221027,12,1,1,2
65,172495,13,2,2,2
65,120689,13,3,1,1
65,118971,13,1,3,2
65,126029,12,4,2,2
65,116996,2,1,3,2
65,120755,10,3,1,1
65,183505,5,2,1,1
65,162222,13,2,1,2
65,244970,10,3,1,1
65,120611,10,2,1,1
65,212346,9,3,1,2
65,208003,4,1,3,2
65,104844,11,4,3,2
65,146882,7,2,1,2
65,195685,11,2,2,2
65,181536,13,3,2,2
65,123514,10,2,1,1
65,232500,12,2,1,1
65,119217,13,4,3,2
66,65387,7,3,1,1
66,135526,12,4,1,1
66,242423,4,2,1,1
66,185431,6,2,1,1
66,223897,9,5,1,2
66,208988,12,2,1,1
66,160127,10,2,1,1
66,183505,13,2,1,1
66,230838,13,3,1,1
66,187078,13,3,1,1
66,200550,13,2,1,2
66,149624,11,3,1,1
66,164052,13,5,1,2
67,212346,4,1,2,2
68,206275,11,2,3,2
68,223897,12,1,3,2
68,241303,13,2,1,1
68,175142,13,1,2,2
68,181865,13,2,2,1
68,195685,10,1,3,2
68,183505,7,2,3,1
68,181536,4,2,3,2
68,221027,12,2,1,1
68,177971,12,2,3,1
68,91734,13,2,1,1
68,213149,13,2,2,1
68,208003,7,1,2,2
68,190590,1,1,3,2
68,120630,11,2,1,1
68,167203,1,5,2,2
68,215129,10,2,3,1
68,212338,13,2,2,1
68,212346,5,5,3,2
69,209144,13,3,1,2
69,175880,10,3,2,2
69,187078,6,2,1,2
69,221027,11,3,1,2
69,159382,13,1,1,1
69,183505,9,2,2,1
69,144084,9,2,2,2
69,181875,13,3,1,1
69,101414,13,4,3,2
70,183505,12,2,2,2
70,200550,11,3,2,1
70,265283,0,1,0,2
70,172495,13,3,1,1
70,160127,4,3,2,1
70,217630,11,2,1,1
70,187078,13,2,1,1
70,104844,13,2,1,1
71,185431,5,1,3,2
71,195685,13,1,2,2
71,120786,8,2,3,1
71,112468,11,1,2,2
71,172495,13,1,3,2
71,160127,8,3,1,1
71,221027,7,2,2,1
71,120755,12,3,1,1
71,265283,12,1,1,2
71,186151,6,2,3,1
71,212346,8,3,1,1
71,218967,5,3,3,1
71,200550,12,3,3,1
71,183505,11,3,1,1
71,219653,7,4,3,3
71,156841,8,3,1,1
71,208988,9,1,3,2
71,181984,11,2,3,1
71,195945,6,2,1,1
71,217630,11,1,2,2
71,125022,6,3,2,1
71,162222,10,3,1,1
71,186894,7,2,2,1
71,229260,1,1,3,2
71,144528,12,2,1,1
71,209958,10,2,1,1
71,249462,8,1,1,2
71,208003,12,3,2,2
71,144084,10,1,3,2
71,195714,11,1,2,2
72,180093,13,2,1,1
72,107688,11,2,3,1
72,175142,8,2,1,2
72,183505,10,2,2,2
72,177971,9,2,1,1
73,174480,4,2,3,1
73,200550,6,2,1,1
73,241303,9,2,3,1
73,112468,8,2,3,1
73,218967,10,4,3,1
73,172493,8,2,3,2
73,187078,12,2,3,1
73,218839,9,3,2,2
73,181875,8,4,1,1
73,190590,9,4,2,1
73,183505,12,2,3,1
73,104844,12,2,3,1
73,186894,8,3,2,2
73,229260,6,3,2,2
73,209958,10,2,3,1
74,212985,7,2,1,1
74,186151,10,2,3,2
74,164052,5,2,3,2
74,120630,10,1,3,0
74,144528,8,3,1,1
74,174856,10,3,3,2
74,204175,4,3,1,1
74,203019,11,3,3,0
74,120654,13,2,3,2
74,208092,12,3,3,2
74,230030,5,1,3,2
74,92005,13,2,3,2
74,142342,13,2,3,1
74,215750,10,2,3,2
74,261392,12,3,1,1
74,183505,10,3,3,1
74,144084,7,3,3,1
74,228750,10,1,3,2
74,209958,10,2,1,2
74,181875,11,1,3,2
74,195945,10,2,3,2
74,236493,7,3,1,1
74,221027,10,2,1,2
74,217630,4,3,3,1
74,92005,13,2,3,2
74,198781,10,3,1,1
74,185431,9,1,3,2
74,92005,13,2,3,2
74,163651,12,3,3,1
74,172495,13,3,1,1
74,186894,1,3,1,1
74,170016,8,3,3,1
74,208003,7,1,3,2
74,101414,7,3,3,2
74,120755,7,4,3,1
74,113749,13,2,1,2
74,112508,13,2,3,2
74,116483,13,2,3,2
74,217630,4,3,3,1
74,92005,13,2,3,2
74,126029,13,3,1,1
74,199725,10,3,3,1
74,92005,13,2,3,2
74,252866,12,3,1,1
74,242423,10,3,1,1
75,242423,10,3,1,1
75,221027,10,2,1,2
75,186894,5,3,1,1
75,181875,10,2,3,2
75,218967,8,4,3,2
75,208003,8,3,2,2
75,230030,6,1,3,2
75,212985,7,2,1,1
75,120755,9,4,2,1
75,209958,10,2,1,2
75,236493,7,3,1,1
75,203019,11,2,1,2
75,185431,7,1,2,2
75,107688,7,1,3,2
75,172495,13,2,1,1
75,144528,8,3,1,1
75,174856,11,3,3,2
75,236493,7,3,1,1
75,218967,8,4,3,2
75,199725,9,3,2,1
76,187078,10,2,3,2
76,172495,12,2,3,1
76,144084,9,2,3,2
76,65387,9,4,3,2
76,170016,8,2,3,2
76,195945,9,2,3,2
76,215750,12,2,1,1
76,209144,11,1,3,2
76,181536,8,2,3,2
76,162222,9,1,3,2
76,134847,7,2,2,2
76,159507,8,2,3,2
76,146882,2,4,3,2
76,181875,10,1,3,2
76,104844,11,2,1,2
76,186151,11,2,3,2
77,65387,11,2,1,2
77,181875,10,1,2,2
77,212985,8,1,2,2
77,162661,6,1,3,2
77,160484,9,2,1,2
77,107688,10,4,3,2
77,162222,10,2,1,2
77,164052,9,2,2,2
77,104844,11,2,2,2
77,101414,10,4,3,2
77,218967,11,2,2,2
77,170016,11,2,2,2
77,242423,4,1,2,2
78,186894,9,2,2,2
78,212346,11,2,3,2
78,230030,11,2,3,2
78,163983,10,1,1,2
78,200550,9,2,1,2
78,195685,10,2,3,2
78,187078,11,3,3,1
78,112468,10,1,3,2
78,172493,10,1,2,2
78,209144,12,2,2,2
78,160127,10,2,3,2
78,209958,11,2,1,1
78,221027,11,1,1,2
79,170016,7,1,3,3
79,170016,6,1,3,3
79,186894,10,2,1,1
79,165643,7,2,3,1
79,162222,11,1,2,3
79,146984,11,4,1,2
79,181875,10,2,1,2
79,208003,10,1,1,2
79,177971,7,4,1,1
79,241303,10,2,0,1
79,221027,12,3,1,1
79,149624,10,4,2,2
79,144528,8,1,3,2
79,186975,13,2,1,1
79,145653,11,4,3,3
79,170016,7,1,3,3
79,170016,7,1,3,3
79,170016,6,1,3,3
79,218967,13,3,1,2
79,228750,11,4,3,2
79,101414,11,4,1,2
79,212985,8,2,1,1
79,104844,13,2,3,2
79,112468,8,4,2,2
79,190590,7,3,1,1
79,236493,7,2,3,1
79,120786,12,4,1,1
79,223897,11,1,1,2
79,212346,8,1,1,2
79,249462,11,2,1,1
79,187078,10,4,1,1
79,170016,7,1,3,3
79,170016,7,1,3,3
79,170016,6,1,3,3
79,172495,11,4,3,2
79,120755,10,2,1,1
79,172493,11,4,1,2
79,183505,7,1,1,2
79,195685,9,4,2,1
79,195778,11,2,1,1
79,133152,2,3,1,1
79,215750,11,2,0,2
79,217630,5,2,3,2
79,193192,9,2,1,2
79,230030,6,1,3,2
79,160127,8,1,1,2
79,200550,7,2,1,1
80,172493,10,2,3,2
81,195685,9,1,2,2
81,120786,3,2,3,2
81,181984,9,1,2,2
81,218043,12,2,2,1
81,172495,13,2,1,1
81,171433,9,1,0,0
81,215750,9,2,1,1
81,228750,8,2,1,2
81,181536,8,4,2,2
81,146882,12,1,2,2
81,162222,10,1,1,1
81,186151,9,4,1,2
81,171433,8,2,2,2
81,171433,9,1,0,0
81,120755,7,1,3,3
81,144084,10,3,1,1
81,187078,4,2,2,2
81,112468,4,2,3,3
81,183523,7,1,2,2
81,171433,8,2,2,2
81,171433,9,1,0,0
82,183505,0,4,1,2
83,252866,11,2,1,1
83,114709,9,3,3,2
83,137523,12,2,3,2
83,257106,9,2,1,1
83,218839,11,2,2,2
83,144117,9,3,1,2
83,221027,11,2,1,2
83,121955,11,2,3,1
83,186975,8,2,2,2
83,162222,9,3,1,1
83,183505,12,2,1,2
83,212985,6,4,1,2
83,181984,11,2,3,2
83,163651,12,2,3,1
83,204946,3,3,3,2
83,181865,10,1,2,2
83,242423,8,1,1,2
83,172495,13,2,1,1
83,120755,9,3,1,2
83,183523,7,2,3,2
84,184894,7,2,1,3
84,184894,7,2,1,2
84,146984,10,3,1,1
84,209958,6,2,3,3
84,187078,9,3,1,1
85,175880,12,2,2,2
85,190374,10,2,2,2
85,203019,9,1,0,2
85,219653,11,3,2,1
85,172495,12,4,1,1
85,133152,10,3,1,1
86,223897,12,3,1,2
86,171433,9,3,1,2
86,104844,13,3,1,1
86,217630,12,3,1,2
86,120755,8,3,1,2
86,112468,10,3,1,2
86,171580,9,1,1,2
86,177971,13,4,1,1
86,144528,7,3,1,2
86,190590,12,3,2,2
86,195685,13,3,1,1
86,185431,7,3,1,1
86,142688,10,3,1,2
86,146882,12,3,1,1
86,212985,12,3,1,1
86,237572,11,3,1,2
86,120755,8,3,1,2
86,265283,10,4,1,2
86,120755,8,3,1,2
86,195714,4,3,1,2
86,241303,11,3,1,2
86,212346,10,3,1,2
86,203019,10,4,1,2
86,159507,12,3,1,2
86,172495,13,3,1,1
86,120786,5,4,3,2
86,186975,10,3,1,1
86,218967,11,3,2,2
86,200550,11,3,1,1
86,120755,8,3,1,2
86,195945,11,3,1,1
86,164052,4,3,1,2
86,107688,13,4,1,2
86,181984,13,3,1,1
86,228750,8,1,1,2
86,160009,12,3,1,2
86,221027,9,3,1,2
86,236493,6,3,1,2
86,187078,13,3,1,1
87,199725,13,2,3,2
87,221027,13,4,3,2
87,133152,10,2,2,1
87,162222,10,2,2,1
87,156812,10,2,2,2
87,160127,9,1,3,2
87,159507,10,4,1,2
87,208003,13,4,3,2
87,172495,12,4,3,2
87,185431,11,4,3,2
87,175880,12,2,2,2
87,200550,9,1,1,2
87,120910,13,4,1,2
87,204946,8,2,3,2
87,212985,12,2,2,1
87,164052,8,3,1,1
87,209958,10,2,3,1
87,212346,11,1,2,2
87,65387,10,2,3,1
87,183505,12,1,3,2
87,172493,9,4,3,2
87,120917,13,4,3,2
87,187078,13,4,1,2
87,265283,10,4,3,2
87,195685,10,1,1,2
87,216502,11,4,1,2
87,134847,11,2,3,1
87,186151,11,1,3,2
87,203019,12,1,3,2
87,120755,13,2,3,2
87,104844,10,1,3,2
87,181536,9,1,3,2
87,195945,11,1,1,2
87,144528,13,4,3,2
87,177971,11,4,1,2
87,174856,12,1,2,2
87,195714,12,4,3,2
88,160127,10,1,2,1
88,212985,11,1,1,1
88,249462,9,1,1,2
88,120630,9,2,0,2
88,229260,8,1,3,2
88,216502,7,1,0,2
88,204946,10,1,3,2
88,193192,8,1,1,2
88,230030,9,2,1,1
88,107688,9,1,3,2
88,190374,10,4,3,1
88,144084,12,2,2,1
88,242423,9,1,1,2
88,174480,10,1,3,2
88,208003,8,1,3,1
89,209958,10,2,1,2
89,74301,12,2,1,1
89,183505,12,2,3,1
89,175142,9,2,3,1
89,177971,8,1,3,2
89,217869,6,2,1,1
89,120755,10,2,1,1
89,187078,7,2,3,1
89,91734,4,2,2,1
89,187393,4,2,1,1
89,171580,5,1,2,2
89,104844,13,3,1,1
89,164052,3,2,2,1
89,230030,4,1,2,2
90,209958,6,1,2,2
90,186151,9,1,3,2
90,195685,10,2,3,2
90,181984,9,1,2,2
90,195714,4,1,1,2
91,236493,10,4,1,1
92,186975,8,2,1,2
92,183505,12,2,1,1
92,195778,8,2,1,2
92,162222,11,1,1,1
92,229260,8,2,1,1
92,200550,10,2,1,1
92,209958,7,2,1,1
92,193192,9,2,1,1
92,212985,9,2,1,1
92,203019,13,2,1,1
92,163983,11,2,1,1
92,187078,13,2,1,1
92,65387,12,2,1,1
92,177971,7,2,1,1
92,120786,12,4,1,2
92,104844,12,1,1,1
93,163983,7,3,3,2
93,164052,7,3,1,2
94,104844,10,1,2,2
94,241303,6,2,1,1
94,172493,10,1,3,2
94,195945,8,2,1,1
94,146882,12,2,1,1
94,209144,11,2,1,1
94,247196,10,4,2,2
94,242423,10,1,2,2
94,177971,6,2,2,1
94,249462,10,2,2,1
94,181875,11,2,1,1
94,221027,12,2,1,1
94,215750,7,1,2,1
94,172495,12,2,3,1
94,204946,5,2,1,2
94,186045,10,4,3,2
95,162222,10,4,2,1
95,212985,11,4,2,2
95,205271,9,2,2,2
95,195685,12,4,2,2
95,168629,13,2,2,1
95,104844,7,4,2,2
95,219653,10,4,2,2
95,241303,12,4,1,1
95,216502,5,4,2,2
95,199725,13,2,2,2
95,177971,10,2,2,2
95,195778,8,2,2,2
95,112468,4,2,2,2
95,142688,8,4,2,2
95,172495,13,4,2,2
95,120786,4,4,2,2
95,144528,9,4,2,2
95,195714,1,2,1,1
95,181875,8,2,2,2
95,218839,6,2,2,2
95,193192,11,2,1,1
95,186894,12,4,2,2
95,183523,6,4,2,2
95,145653,13,2,2,1
95,160127,10,1,0,3
95,120755,11,4,2,2
95,171580,8,2,2,1
95,218967,12,4,2,2
95,180073,13,2,1,1
96,112468,13,4,1,1
96,120786,12,1,1,1
97,120693,11,2,3,2
97,203009,13,2,1,2
97,210616,13,1,1,2
97,242423,13,3,2,1
97,187078,13,2,3,2
97,112468,10,2,3,2
97,104844,9,4,3,2
97,195685,13,2,1,1
97,209958,10,2,1,2
97,170016,13,2,3,2
97,110912,8,2,1,2
97,120791,13,2,3,3
97,133093,12,2,3,2
97,163983,11,2,1,2
97,277027,12,3,3,1
97,159507,7,2,3,2
97,217630,10,3,3,2
97,185431,4,1,1,2
97,162222,12,4,1,2
97,249462,12,4,3,2
97,125022,9,2,3,3
97,142688,12,2,3,3
97,221027,12,3,1,1
97,160127,12,2,3,3
97,230030,6,2,3,2
97,125439,13,1,3,2
97,156841,7,3,1,2
97,181875,12,4,3,2
97,101414,13,4,1,1
97,258000,12,3,1,1
97,112384,13,4,3,2
97,149624,8,3,3,1
97,102926,12,3,3,2
97,181984,13,3,1,2
97,212346,12,2,3,2
97,241527,13,3,0,1
97,203019,10,2,2,2
97,200550,13,1,3,2
97,266915,13,2,1,2
97,120786,13,3,1,2
97,162983,13,2,3,1
97,127536,13,2,2,2
97,204946,10,2,3,2
97,120662,10,4,1,2
97,190374,1,3,3,2
97,219653,1,2,3,2
97,218967,11,4,3,2
97,186894,8,2,1,2
98,171580,8,2,2,2
98,172495,13,2,1,1
98,175880,11,2,1,1
98,181536,11,4,3,1
98,186151,9,3,1,2
98,107688,6,1,2,2
99,243155,10,2,3,2
99,236493,6,2,1,2
99,198021,13,2,3,1
99,181875,7,2,1,2
99,209475,8,2,3,2
99,209144,10,3,1,1
99,175880,4,3,1,2
99,208003,7,3,3,2
99,104844,9,4,1,1
99,177971,7,3,3,2
99,240890,8,3,1,1
99,195685,11,4,3,1
99,162222,3,3,3,1
99,210945,12,3,3,2
99,120755,10,3,1,2
99,190865,10,3,3,1
99,172493,11,3,3,2
99,142342,11,2,3,2
99,221027,3,3,1,1
99,218967,10,3,1,2
99,193192,9,3,1,2
99,172495,10,3,3,2
99,212985,8,3,1,2
99,240890,8,3,1,1
99,187078,6,3,3,2
99,199725,8,3,3,1
99,155267,12,2,3,2
99,186894,10,2,2,1
99,244244,11,2,1,2
99,181536,10,3,3,1
99,65387,11,2,1,2
99,223897,10,3,1,2
99,160127,7,2,1,2
99,236784,5,3,1,2
99,203019,10,4,3,2
99,240890,8,3,1,1
99,146984,7,3,3,2
100,265343,7,1,1,1
100,145653,0,1,0,0
101,183505,12,3,1,1
101,174480,11,2,1,1
101,236493,9,4,3,1
101,133152,11,3,1,1
101,156841,11,2,3,3
101,172493,12,2,1,1
101,175880,1,2,3,1
101,265283,4,1,3,2
101,186975,4,1,3,2
101,200550,11,2,1,1
101,186151,8,2,3,2
101,187078,10,2,3,1
101,212346,12,2,3,2
101,195714,10,2,3,1
102,181984,12,2,2,2
102,228750,10,2,2,2
102,183523,10,2,2,2
102,160127,8,4,3,3
102,221027,10,2,1,1
102,209958,10,2,2,2
102,181536,10,1,2,3
102,205271,8,3,1,3
102,144084,8,1,2,2
102,195945,9,2,1,2
102,218043,11,1,1,2
102,236493,9,3,1,1
103,181984,12,2,3,2
103,183505,4,1,3,2
103,223897,13,4,2,2
103,195778,7,1,2,2
103,241303,11,2,1,2
103,175880,1,2,1,1
103,209144,9,1,1,2
103,218967,5,1,1,2
103,221027,11,2,1,2
103,156812,10,4,1,2
103,218839,13,4,1,2
103,104844,13,2,1,1
103,181536,13,4,1,1
103,212346,10,2,1,2
103,236493,10,1,1,2
103,172493,12,4,1,1
103,195685,13,2,1,1
103,120786,7,2,3,3
103,186975,8,2,2,2
103,186894,10,2,2,2
103,160127,13,2,1,1
104,181536,9,4,3,2
104,120786,7,2,3,2
104,204175,1,2,1,1
104,112468,7,3,3,2
104,164052,1,2,1,1
104,199725,11,3,3,2
104,209958,11,2,1,1
104,212346,12,2,3,2
104,101414,13,4,1,1
104,160127,8,2,2,1
104,181875,13,3,2,2
104,172493,11,2,1,1
104,200550,9,4,1,2
104,218967,6,2,3,2
104,209144,13,3,3,1
104,208003,5,4,3,2
104,195685,13,2,3,2
104,162222,13,4,1,1
104,133152,4,3,1,1
104,149624,10,1,3,3
104,144117,6,2,2,2
104,181984,12,2,1,1
104,221027,12,3,3,2
104,104844,13,3,1,1
105,181536,10,2,3,2
105,162222,12,4,1,1
105,112468,9,3,3,2
105,209144,13,3,1,1
105,133152,12,4,1,1
105,164052,1,2,0,1
105,144117,9,2,2,2
106,221027,3,3,1,1
106,120755,7,3,3,1
106,91734,12,3,1,1
106,172495,11,3,3,1
106,120913,6,2,3,1
106,181865,9,4,1,1
106,104844,9,2,2,2
106,104346,13,3,3,1
106,94625,12,2,3,2
106,195685,5,1,2,2
107,215750,5,1,1,0
107,120917,11,2,2,1
107,94625,1,4,3,3
107,133152,9,1,1,1
107,251114,12,2,1,2
107,156812,8,2,1,1
107,103064,2,2,1,1
107,186894,1,4,3,3
107,130623,7,2,1,1
107,242423,11,1,2,2
107,156812,6,3,1,1
107,189584,12,2,1,1
107,103064,2,2,1,1
107,186894,1,4,3,3
107,193192,10,1,1,1
107,164052,10,1,1,1
108,187078,13,3,2,1
108,177971,1,2,2,1
108,195685,10,3,1,1
108,175142,8,3,1,1
109,172495,13,3,1,1
109,215129,12,2,3,2
109,217869,12,3,1,1
109,135526,4,1,3,2
109,181875,11,3,1,2
109,206275,10,4,1,1
109,200530,11,4,2,2
109,181865,13,2,1,1
109,181865,13,2,1,1
109,177971,12,1,3,2
109,164052,7,1,2,2
109,191397,9,2,2,2
109,200550,6,2,2,2
109,107688,13,3,2,2
109,162650,8,3,1,1
109,120202,12,3,1,1
109,164052,7,1,2,2
109,236493,11,2,2,1
109,204946,10,4,2,1
109,160127,10,2,1,1
109,74301,13,2,1,1
109,187078,7,2,3,1
109,183505,11,2,2,1
109,168629,13,1,2,2
109,104844,10,3,1,1
109,210945,13,3,1,1
109,120786,13,1,0,0
109,164052,7,1,2,2
109,212346,7,2,2,1
109,106605,12,3,2,2
109,181865,13,1,0,0
109,219854,8,2,1,1
109,144528,11,2,2,1
110,162222,9,4,3,1
110,221027,10,3,1,1
110,146984,7,1,2,2
110,212346,5,1,2,2
110,209144,13,1,2,2
110,120786,4,2,3,1
110,195685,8,3,2,2
110,223897,9,2,2,2
110,177971,6,4,3,2
110,218967,8,4,1,1
111,175880,12,1,1,1
111,212985,3,2,1,0
111,195685,11,2,1,1
111,160127,8,2,1,1
111,104844,11,2,1,1
112,181536,6,1,3,2
112,125022,7,2,3,3
112,209958,8,1,1,3
112,144084,6,1,3,3
112,120786,3,2,3,3
112,183505,13,1,3,3
112,204946,8,2,2,2
112,195945,9,2,3,3
112,181875,6,1,0,3
112,203019,10,2,3,2
112,221027,13,2,1,1
112,185183,1,2,0,3
112,195778,4,3,3,3
112,175880,8,1,3,3
112,190590,9,2,2,3
112,133152,2,1,3,1
112,186151,8,2,2,2
112,208003,4,1,3,3
112,228750,5,2,2,2
112,265283,13,2,3,3
112,218967,5,2,3,2
112,104844,12,2,2,2
112,187078,11,2,2,1
112,144528,9,2,3,3
112,177971,7,2,2,3
112,195714,8,2,2,1
112,146882,8,1,3,3
112,186894,6,2,2,2
112,170016,3,1,3,3
112,208988,6,2,2,2
112,209144,9,1,3,3
112,142688,1,1,3,3
112,174856,9,2,3,2
112,242423,11,2,2,3
112,199725,9,2,3,3
113,180093,13,2,1,1
113,212338,9,2,3,2
113,242423,8,2,1,1
114,193192,7,1,3,2
115,133152,10,3,2,1
116,144084,1,3,1,1
116,205271,12,3,1,2
116,209144,10,3,1,1
116,115736,13,3,1,2
116,149624,13,1,2,2
116,187078,7,3,3,3
116,160484,4,3,1,1
116,112468,5,4,2,2
116,221027,13,3,1,1
117,212985,12,3,2,0
117,120630,7,4,1,2
117,160009,8,3,2,1
117,144964,8,3,3,1
117,164334,13,3,2,1
117,221027,10,3,2,1
117,120630,8,3,3,1
117,195685,12,4,1,2
117,212338,11,5,3,2
117,217869,13,3,3,1
